{
  "$schema": "https://schema.management.azure.com/schemas/2015-01-01/deploymentParameters.json#",
  "contentVersion": "1.0.0.0",
  "parameters": {
    "zoneName": {
      "value": "privatelink.azconfig.windows.net"
    },
    "lockForDeletion": {
      "value": true
    },
    "vNets": {
      "value": [
        {
          "subscriptionId": "4e865dba-bf2f-463a-a957-c69f5fb32ec5",
          "resourceGroupName": "rg-cph-pltf-net-prd-qc-01",
          "vnetName": "vnet-cph-pltf-prd-qc-01",
          "linkName": "linktohub"
        }
        
      ]
    },
    "registrationEnabled": {
      "value": false
    },
    "tags": {
      "value": {}
    }
  }
}