{
    "$schema": "https://schema.management.azure.com/schemas/2015-01-01/deploymentParameters.json#",
    "contentVersion": "1.0.0.0",
  "parameters": {
    "zoneName": {
      "value": "Contosoazure.corp.ae"
    },
    "lockForDeletion": {
      "value": true
    },
    "vNets": {
      "value": [
        {
          "subscriptionId": "d0694def-b27e-4bb7-900d-437fbeb802da",
          "resourceGroupName": "rg-cpd-pltf-net-dev-we-01",
          "vnetName": "vnet-cpd-pltf-dev-we-01",
          "linkName": "dns-vnl-vnet-cpd-pltf-dev-we-01"
        },
        {
          "subscriptionId": "d0694def-b27e-4bb7-900d-437fbeb802da",
          "resourceGroupName": "rg-cpd-pltf-net-tst-we-01",
          "vnetName": "vnet-cpd-pltf-tst-we-01",
          "linkName": "dns-vnl-vnet-cpd-pltf-tst-we-01"
        }
      ]
    },
    "registrationEnabled": {
      "value": false
    },
    "tags": {
      "value": {
      }
    }
  }
}